,Name,URL
0,Clover Club #1,https://www.theeducatedbarfly.com/clover-club-1/
1,Clover Club #2,https://www.theeducatedbarfly.com/clover-club-2/
2,Macunaíma,https://www.theeducatedbarfly.com/macunaima/
3,Caipirinha,https://www.theeducatedbarfly.com/caipirinha/
4,Batida Rosa,https://www.theeducatedbarfly.com/batida-rosa/
5,Frozen Planter’s Punch,https://www.theeducatedbarfly.com/frozen-planters-punch/
6,Super Juice,https://www.theeducatedbarfly.com/super-juice/
7,Alabama Slammer,https://www.theeducatedbarfly.com/alabama-slammer/
8,Kola Sour,https://www.theeducatedbarfly.com/kola-sour/
9,Blackbird,https://www.theeducatedbarfly.com/blackbird/
10,Lost Lake,https://www.theeducatedbarfly.com/lost-lake/
11,Old Pal,https://www.theeducatedbarfly.com/old-pal/
12,Dole Whip,https://www.theeducatedbarfly.com/dole-whip/
13,Hotel National Special,https://www.theeducatedbarfly.com/hotel-national-special/
14,Tipperary,https://www.theeducatedbarfly.com/tipperary/
15,Wibble,https://www.theeducatedbarfly.com/wibble/
16,Dr. Funk,https://www.theeducatedbarfly.com/dr-funk/
17,Eastern Sour,https://www.theeducatedbarfly.com/eastern-sour/
18,Army & Navy,https://www.theeducatedbarfly.com/army-navy/
19,Self Starter,https://www.theeducatedbarfly.com/self-starter/
20,Gin and Pomme,https://www.theeducatedbarfly.com/gin-and-pomme/
21,Pancho Villa,https://www.theeducatedbarfly.com/pancho-villa/
22,Grasshopper,https://www.theeducatedbarfly.com/grasshopper-dale-degroff/
23,Improved Brandy Cocktail,https://www.theeducatedbarfly.com/improved-brandy-cocktail/
24,Cognac Sazerac,https://www.theeducatedbarfly.com/cognac-sazerac/
25,New York Sazerac,https://www.theeducatedbarfly.com/new-york-sazerac/
26,Hanky Panky,https://www.theeducatedbarfly.com/hanky-panky/
27,Toronto,https://www.theeducatedbarfly.com/toronto/
28,Paloma,https://www.theeducatedbarfly.com/paloma/
29,Carajillo,https://www.theeducatedbarfly.com/carajillo/
30,Cantarito,https://www.theeducatedbarfly.com/cantarito/
31,Vampiro,https://www.theeducatedbarfly.com/vampiro/
32,Aged Egg Nog,https://www.theeducatedbarfly.com/aged-egg-nog/
33,Million Dollar Cocktail,https://www.theeducatedbarfly.com/million-dollar-cocktail/
34,Yukiguni Cocktail,https://www.theeducatedbarfly.com/yukiguni-cocktail/
35,Japanese Highball,https://www.theeducatedbarfly.com/japanese-highball/
36,Cameron’s Kick,https://www.theeducatedbarfly.com/camerons-kick/
37,Hemingway Daiquiri,https://www.theeducatedbarfly.com/hemingway-daiquiri/
38,Royal Bermuda Yacht Club,https://www.theeducatedbarfly.com/royal-bermuda-yacht-club/
39,Hurricane (Variation),https://www.theeducatedbarfly.com/hurricane-variation/
40,Milano Torino,https://www.theeducatedbarfly.com/milano-torino/
41,Americano,https://www.theeducatedbarfly.com/americano/
42,Hugo Spritz,https://www.theeducatedbarfly.com/hugo-spritz/
43,Angelino 1860 Spritz,https://www.theeducatedbarfly.com/angelino-1860-spritz/
44,Bicicletta,https://www.theeducatedbarfly.com/bicicletta/
45,Rattlesnake,https://www.theeducatedbarfly.com/rattlesnake/
46,Mojito,https://www.theeducatedbarfly.com/mojito/
47,Traditional Mojito,https://www.theeducatedbarfly.com/traditional-mojito/
48,Traditional Martini,https://www.theeducatedbarfly.com/traditional-martini/
49,Traditional Dry Martini,https://www.theeducatedbarfly.com/traditional-dry-martini/
50,Perfect Martini,https://www.theeducatedbarfly.com/perfect-martini/
51,Vodka Martini,https://www.theeducatedbarfly.com/vodka-martini/
52,Dirty Martini,https://www.theeducatedbarfly.com/dirty-martini/
53,Green Swizzle,https://www.theeducatedbarfly.com/green-swizzle/
54,Florodora,https://www.theeducatedbarfly.com/florodora/
55,Irish Old Fashioned,https://www.theeducatedbarfly.com/irish-old-fashioned/
56,Broken Shoe Shiner,https://www.theeducatedbarfly.com/broken-shoe-shiner/
57,Last Word,https://www.theeducatedbarfly.com/last-word/
58,Cardinale,https://www.theeducatedbarfly.com/cardinale/
59,Cardinale (Modern),https://www.theeducatedbarfly.com/cardinale-modern/
60,Benjamin Franklin’s Milk Punch,https://www.theeducatedbarfly.com/benjamin-franklins-milk-punch/
61,Cadillac Margarita,https://www.theeducatedbarfly.com/cadillac-margarita/
62,Ciro’s Special,https://www.theeducatedbarfly.com/ciros-special/
63,Bobby Burns for Burns Night,https://www.theeducatedbarfly.com/bobby-burns-for-burns-night/
64,Atomic Cocktail (Revised),https://www.theeducatedbarfly.com/atomic-cocktail-revised/
65,Atomic Cocktail,https://www.theeducatedbarfly.com/atomic-cocktail/
66,Amaro Caldo (Hot Amaro),https://www.theeducatedbarfly.com/amaro-caldo-hot-amaro/
67,Blackwood’s Hot Whiskey Punch,https://www.theeducatedbarfly.com/blackwoods-hot-whiskey-punch-bruichladdich/
68,The Ancient Mariner,https://www.theeducatedbarfly.com/the-ancient-mariner/
69,Singapore Sling,https://www.theeducatedbarfly.com/singapore-sling/
70,Kangaroo aka Vodka Martini,https://www.theeducatedbarfly.com/kangaroo-aka-vodka-martini/
71,Bourbon Smash,https://www.theeducatedbarfly.com/bourbon-smash/
72,Bahama Mama,https://www.theeducatedbarfly.com/bahama-mama/
73,Ramos Gin Fizz,https://www.theeducatedbarfly.com/ramos-gin-fizz/
74,Pineapple Syllabub,https://www.theeducatedbarfly.com/pineapple-syllabub/
75,General Harrison’s Egg Nog,https://www.theeducatedbarfly.com/general-harrisons-egg-nog/
76,Mojito Criollo No. 2,https://www.theeducatedbarfly.com/mojito-criollo-no-2/
77,Satan’s Whiskers,https://www.theeducatedbarfly.com/satans-whiskers/
78,Pink Gin,https://www.theeducatedbarfly.com/pink-gin/
79,Martini,https://www.theeducatedbarfly.com/martini/
80,Moscow Mule,https://www.theeducatedbarfly.com/moscow-mule/
81,Arrack Punch,https://www.theeducatedbarfly.com/arrack-punch/
82,La Florida,https://www.theeducatedbarfly.com/la-florida/
83,Lucien Gaudin,https://www.theeducatedbarfly.com/lucien-gaudin/
84,Blinker,https://www.theeducatedbarfly.com/blinker/
85,White Russian,https://www.theeducatedbarfly.com/white-russian/
86,Aviation,https://www.theeducatedbarfly.com/aviation/
87,Pimm’s Cup,https://www.theeducatedbarfly.com/pimms-cup/
88,Pink lady,https://www.theeducatedbarfly.com/pink-lady/
89,Butterbeer,https://www.theeducatedbarfly.com/butterbeer/
90,Hot Buttered Rum,https://www.theeducatedbarfly.com/hot-buttered-rum/
91,Milk Punch,https://www.theeducatedbarfly.com/milk-punch/
92,Coffee Cocktail,https://www.theeducatedbarfly.com/coffee-cocktail/
93,Mad Hatter,https://www.theeducatedbarfly.com/mad-hatter/
94,Absinthe Frappé,https://www.theeducatedbarfly.com/absinthe-frappe/
95,Junior,https://www.theeducatedbarfly.com/junior/
96,Sloe Gin Fizz,https://www.theeducatedbarfly.com/sloe-gin-fizz/
97,Hurricane,https://www.theeducatedbarfly.com/hurricane/
98,Prescription Julep,https://www.theeducatedbarfly.com/prescription-julep/
99,Millionaire,https://www.theeducatedbarfly.com/millionaire/
100,12 Mile Limit,https://www.theeducatedbarfly.com/12-mile-limit/
101,Death in the Gulf Stream,https://www.theeducatedbarfly.com/death-in-the-gulf-stream/
102,Sex on the Beach,https://www.theeducatedbarfly.com/sex-on-the-beach/
103,Long Island Ice Tea,https://www.theeducatedbarfly.com/long-island-ice-tea/
104,Commando,https://www.theeducatedbarfly.com/commando/
105,Daiquiri,https://www.theeducatedbarfly.com/daiquiri/
106,Mexican Firing Squad,https://www.theeducatedbarfly.com/mexican-firing-squad/
107,Aperol Spritz,https://www.theeducatedbarfly.com/aperol-spritz/
108,Old Fashioned Recipe,https://www.theeducatedbarfly.com/old-fashioned/
109,Monte Carlo,https://www.theeducatedbarfly.com/monte-carlo/
110,French 75,https://www.theeducatedbarfly.com/french-75/
111,Champagne Cocktail,https://www.theeducatedbarfly.com/champagne-cocktail/
112,Boulevardier,https://www.theeducatedbarfly.com/boulevardier/
113,Jack Rose,https://www.theeducatedbarfly.com/jack-rose/
114,Bee’s Knees,https://www.theeducatedbarfly.com/bees-knees/
115,Negroni,https://www.theeducatedbarfly.com/negroni/
116,Manhattan,https://www.theeducatedbarfly.com/manhattan/
117,Sazerac,https://www.theeducatedbarfly.com/sazerac/
118,Monte Cassino,https://www.theeducatedbarfly.com/monte-cassino/
119,Ellison,https://www.theeducatedbarfly.com/ellison/
120,Trident,https://www.theeducatedbarfly.com/trident/
121,Garibaldi,https://www.theeducatedbarfly.com/garibaldi-2/
122,El Pepino,https://www.theeducatedbarfly.com/el-pepino/
123,1910,https://www.theeducatedbarfly.com/1910-2/
124,The Original Clover Club,https://www.theeducatedbarfly.com/the-original-clover-club/
125,Colonial Ties,https://www.theeducatedbarfly.com/colonial-ties/
126,Dry Daiquiri,https://www.theeducatedbarfly.com/dry-daiquiri/
127,Flamingo in the Forest,https://www.theeducatedbarfly.com/flamingo-in-the-forest/
128,Raspberry Fix,https://www.theeducatedbarfly.com/raspberry-fix/
129,50/50 Margarita,https://www.theeducatedbarfly.com/50-50-margarita/
130,Breakfast In Bed,https://www.theeducatedbarfly.com/breakfast-in-bed/
131,The Goldfinch,https://www.theeducatedbarfly.com/the-goldfinch/
132,Red Hook,https://www.theeducatedbarfly.com/red-hook/
133,Joy Division,https://www.theeducatedbarfly.com/joy-division/
134,Elder Fashioned,https://www.theeducatedbarfly.com/elder-fashioned/
135,Mr. Brown,https://www.theeducatedbarfly.com/mr-brown/
136,Black Manhattan,https://www.theeducatedbarfly.com/black-manhattan/
137,Frozen Strawberry Negroni,https://www.theeducatedbarfly.com/frozen-strawberry-negroni/
138,Grohl Whip,https://www.theeducatedbarfly.com/grohl-whip/
139,Venetian Breeze,https://www.theeducatedbarfly.com/venetian-breeze/
140,Lavender Spriz Lemonade,https://www.theeducatedbarfly.com/lavender-spriz-lemonade/
141,Ann Darrow,https://www.theeducatedbarfly.com/ann-darrow/
142,Gold Rush,https://www.theeducatedbarfly.com/gold-rush/
143,Double Pineapple,https://www.theeducatedbarfly.com/double-pineapple/
144,Pineapple Old Fashioned,https://www.theeducatedbarfly.com/pineapple-old-fashioned/
145,Old Sweet Song,https://www.theeducatedbarfly.com/old-sweet-song/
146,Grenadine Sour,https://www.theeducatedbarfly.com/grenadine-sour/
147,King Of The House,https://www.theeducatedbarfly.com/king-of-the-house/
148,Maximillian Affair,https://www.theeducatedbarfly.com/maximillian-affair/
149,Amaretto Sour,https://www.theeducatedbarfly.com/amaretto-sour/
150,Siesta,https://www.theeducatedbarfly.com/siesta/
151,Ginger Rogers,https://www.theeducatedbarfly.com/ginger-rogers/
152,Strawberry Daiquiri,https://www.theeducatedbarfly.com/strawberry-daiquiri/
153,Strawberry Negroni,https://www.theeducatedbarfly.com/strawberry-negroni/
154,Strawberry Caipirinha,https://www.theeducatedbarfly.com/strawberry-caipirinha/
155,Strawberry Nights,https://www.theeducatedbarfly.com/strawberry-nights/
156,Bitter Old Man,https://www.theeducatedbarfly.com/bitter-old-man/
157,Polka Dot Negroni,https://www.theeducatedbarfly.com/polka-dot-negroni/
158,Cable Car,https://www.theeducatedbarfly.com/cable-car/
159,Cosmonaut,https://www.theeducatedbarfly.com/cosmonaut/
160,On the Run,https://www.theeducatedbarfly.com/on-the-run/
161,Pago Pago,https://www.theeducatedbarfly.com/pago-pago/
162,Love & Murder,https://www.theeducatedbarfly.com/love-murder/
163,Prince Henry Punch,https://www.theeducatedbarfly.com/prince-henry-punch/
164,Quick & Dirty Gimlet,https://www.theeducatedbarfly.com/quick-dirty/
165,Russian Spring Punch,https://www.theeducatedbarfly.com/russian-spring-punch/
166,Grapefruit Cooler,https://www.theeducatedbarfly.com/grapefruit-cooler/
167,French Martini,https://www.theeducatedbarfly.com/french-martini/
168,Duke Martini,https://www.theeducatedbarfly.com/duke-martini/
169,Session Margarita,https://www.theeducatedbarfly.com/session-margarita/
170,Avocado Margarita,https://www.theeducatedbarfly.com/avocado-margarita/
171,Frozen Margarita,https://www.theeducatedbarfly.com/frozen-margarita/
172,Strawberry Margarita,https://www.theeducatedbarfly.com/strawberry-margarita/
173,Parmesan Espresso Martini No. 2,https://www.theeducatedbarfly.com/parmesan-espresso-martini-no-2/
174,Oleato Golden Foam Espresso Martini,https://www.theeducatedbarfly.com/golden-foam-espresso-martini/
175,Parmesan Espresso Martini,https://www.theeducatedbarfly.com/parmesan-espresso-martini/
176,Dark Star,https://www.theeducatedbarfly.com/dark-star/
177,Piña y Caña,https://www.theeducatedbarfly.com/pina-y-cana/
178,Charanda Güey,https://www.theeducatedbarfly.com/charanda-guey/
179,Killer On Ice,https://www.theeducatedbarfly.com/killer-on-ice/
180,Old Mexican Cough Syrup,https://www.theeducatedbarfly.com/old-mexican-cough-syrup/
181,Pineapple Daiquiri No. 2,https://www.theeducatedbarfly.com/pineapple-daiquiri-no-2/
182,Greenhorn,https://www.theeducatedbarfly.com/greenhorn/
183,Final Straw,https://www.theeducatedbarfly.com/final-straw/
184,Mezcal Mule,https://www.theeducatedbarfly.com/mezcal-mule/
185,Jasmine,https://www.theeducatedbarfly.com/jasmine/
186,Kill Devil,https://www.theeducatedbarfly.com/kill-devil/
187,Suplada Spritz,https://www.theeducatedbarfly.com/suplada-spritz/
188,Ube Colada,https://www.theeducatedbarfly.com/ube-colada/
189,Bergamot Garibaldi,https://www.theeducatedbarfly.com/bergamot-garibaldi/
190,Bergamot Negroni,https://www.theeducatedbarfly.com/bergamot-negroni/
191,Coffee And Tonic,https://www.theeducatedbarfly.com/coffee-and-tonic/
192,King’s Breakfast,https://www.theeducatedbarfly.com/kings-breakfast/
193,Neruda,https://www.theeducatedbarfly.com/neruda/
194,Mr. Peanut,https://www.theeducatedbarfly.com/mr-peanut/
195,Apricot BLVD,https://www.theeducatedbarfly.com/apricot-blvd/
196,The Slope,https://www.theeducatedbarfly.com/the-slope/
197,The Art of Choke,https://www.theeducatedbarfly.com/the-art-of-choke/
198,The Alligator,https://www.theeducatedbarfly.com/the-alligator/
199,Color In Your Cheeks,https://www.theeducatedbarfly.com/color-in-your-cheeks/
200,Tea Tree Sour,https://www.theeducatedbarfly.com/tea-tree-sour/
201,Stirred on Third,https://www.theeducatedbarfly.com/stirred-on-third/
202,The Gem,https://www.theeducatedbarfly.com/the-gem/
203,Milano-Torino Sour,https://www.theeducatedbarfly.com/milano-torino-sour/
204,Rum Old Fashioned,https://www.theeducatedbarfly.com/rum-old-fashioned/
205,Clarified Whiskey Sour (Milk),https://www.theeducatedbarfly.com/clarified-whiskey-sour-milk/
206,Clarified Whiskey Sour (Coconut),https://www.theeducatedbarfly.com/clarified-whiskey-sour-coconut/
207,Intro To Aperol,https://www.theeducatedbarfly.com/intro-to-aperol/
208,Oaxaca Old Fashioned,https://www.theeducatedbarfly.com/oaxaca-old-fashioned/
209,Tommy’s Margarita,https://www.theeducatedbarfly.com/tommys-margarita/
210,White Negroni,https://www.theeducatedbarfly.com/white-negroni/
211,Basil Gimlet,https://www.theeducatedbarfly.com/basil-gimlet/
212,City Of Angels Chuhi,https://www.theeducatedbarfly.com/city-of-angels-chuhi/
213,Means Of Preservation,https://www.theeducatedbarfly.com/means-of-preservation/
214,Paris Is Burning,https://www.theeducatedbarfly.com/paris-is-burning/
215,Soul Clench,https://www.theeducatedbarfly.com/soul-clench/
216,The Jake Walk,https://www.theeducatedbarfly.com/the-jake-walk/
217,Añejo Highball,https://www.theeducatedbarfly.com/anejo-highball/
218,Kingston Negroni,https://www.theeducatedbarfly.com/kingston-negroni/
219,Gin Basil Smash,https://www.theeducatedbarfly.com/gin-basil-smash/
220,Chartreuse Swizzle,https://www.theeducatedbarfly.com/chartreuse-swizzle/
221,Little Italy,https://www.theeducatedbarfly.com/little-italy/
222,Full Windsor,https://www.theeducatedbarfly.com/full-windsor/
223,The Dnd wake me up,https://www.theeducatedbarfly.com/the-dnd-wake-me-up/
224,California Razorblade,https://www.theeducatedbarfly.com/california-razorblade/
225,Aquavit Espresso,https://www.theeducatedbarfly.com/aquavit-espresso/
226,Winter Basil Smash,https://www.theeducatedbarfly.com/winter-basil-smash/
227,Spiced Reverse Martini,https://www.theeducatedbarfly.com/spiced-reverse-martini/
228,Gimlet Highball,https://www.theeducatedbarfly.com/gimlet-highball/
229,Dot Line,https://www.theeducatedbarfly.com/dot-line/
230,Oaxacan Dead,https://www.theeducatedbarfly.com/oaxacan-dead/
231,Flannel Shirt,https://www.theeducatedbarfly.com/flannel-shirt/
232,El Diablo,https://www.theeducatedbarfly.com/26823-2/
233,Sabbatical,https://www.theeducatedbarfly.com/sabbatical/
234,Yuletide Peril,https://www.theeducatedbarfly.com/yuletide-peril/
235,The Ol’ Battle Axe,https://www.theeducatedbarfly.com/the-ol-battle-axe/
236,GOAT PB&J Sour,https://www.theeducatedbarfly.com/goat-pbj-sour/
237,Forbidden Fruit,https://www.theeducatedbarfly.com/forbidden-fruit/
238,The Stapleton (aka Tennessee Smooth),https://www.theeducatedbarfly.com/the-stapleton-aka-tennessee-smooth/
239,Across State Lines,https://www.theeducatedbarfly.com/across-state-lines/
240,Devil poison,https://www.theeducatedbarfly.com/devil-poison/
241,Magician’s Red,https://www.theeducatedbarfly.com/magicians-red/
242,Smoked banana daiquiri,https://www.theeducatedbarfly.com/smoked-banana-daiquiri/
243,Tom Kha-llins,https://www.theeducatedbarfly.com/tom-kha-llins/
244,Lady Penelope,https://www.theeducatedbarfly.com/lady-penelope/
245,Flor de PBJerez Swizzle,https://www.theeducatedbarfly.com/flor-de-pbjerez-swizzle/
246,Strawberry Blow Fizz,https://www.theeducatedbarfly.com/strawberry-blow-fizz/
247,Oaxacan Vacation,https://www.theeducatedbarfly.com/oaxacan-vacation/
248,Viyada (submission for the Skrewball Whiskey Contest),https://www.theeducatedbarfly.com/viyada/
249,Raton Laveur,https://www.theeducatedbarfly.com/raton-laveur/
250,Screwballs of Fire,https://www.theeducatedbarfly.com/screwballs-of-fire/
251,Currents & Coils #5,https://www.theeducatedbarfly.com/currents-coils-5/
252,Rosa Rica,https://www.theeducatedbarfly.com/rosa-rica/
253,Cinnamon Ridge,https://www.theeducatedbarfly.com/cinnamon-ridge/
254,Texas Sunset,https://www.theeducatedbarfly.com/__trashed/
255,Regal Beagle,https://www.theeducatedbarfly.com/regal-beagle/
256,Long Flight,https://www.theeducatedbarfly.com/long-flight/
257,Hummingbird,https://www.theeducatedbarfly.com/hummingbird-2/
258,A.V. Conrad,https://www.theeducatedbarfly.com/a-v-conrad/
259,Caffeinated Surfer,https://www.theeducatedbarfly.com/caffeinated-surfer/
260,The Monks’ Knees,https://www.theeducatedbarfly.com/the-monks-knees/
261,Beach Side,https://www.theeducatedbarfly.com/beach-side/
262,Hesperid’s Nectar,https://www.theeducatedbarfly.com/hesperids-nectar/
263,Flor Amargo,https://www.theeducatedbarfly.com/flor-amargo/
264,Vera,https://www.theeducatedbarfly.com/vera/
265,Ocha no Jikan (お茶の時間),https://www.theeducatedbarfly.com/ocha-no-jikan-%e3%81%8a%e8%8c%b6%e3%81%ae%e6%99%82%e9%96%93/
266,sixth of June,https://www.theeducatedbarfly.com/sixth-of-june/
267,Macaw,https://www.theeducatedbarfly.com/macaw/
268,Brandy Old-Fashioned Sweet,https://www.theeducatedbarfly.com/brandy-old-fashioned-sweet/
269,Thawing Dawn,https://www.theeducatedbarfly.com/thawing-dawn/
270,The Soda Jerk,https://www.theeducatedbarfly.com/the-soda-jerk/
271,Sabbatical,https://www.theeducatedbarfly.com/sabbatical-2/
272,Pesce Spada (Swordfish),https://www.theeducatedbarfly.com/pesce-spada-swordfish/
273,Walk Without Rhythm,https://www.theeducatedbarfly.com/walk-without-rhythm/
274,Blue Hawai-Tai,https://www.theeducatedbarfly.com/blue-hawai-tai/
275,Piedmont Sour,https://www.theeducatedbarfly.com/piedmont-sour/
276,Empty the Fridge,https://www.theeducatedbarfly.com/empty-the-fridge/
277,Appetite Reviver No. 10,https://www.theeducatedbarfly.com/appetite-reviver-no-10/
278,The Sassy Jackson,https://www.theeducatedbarfly.com/the-sassy-jackson/
279,Yuletide Peril,https://www.theeducatedbarfly.com/yuletide-peril-2/
280,Long Peninsula Iced Tea,https://www.theeducatedbarfly.com/long-peninsula-iced-tea/
281,Curveball,https://www.theeducatedbarfly.com/curveball/
282,Sour Sunset,https://www.theeducatedbarfly.com/sour-sunset/
283,Summer Tease,https://www.theeducatedbarfly.com/summer-tease/
284,Spruce & Fir.,https://www.theeducatedbarfly.com/spruce-fir/
285,Smoky Haitian Sour,https://www.theeducatedbarfly.com/smoky-haitian-sour/
286,The Cravings,https://www.theeducatedbarfly.com/the-cravings/
287,Rhabalapapp,https://www.theeducatedbarfly.com/rhabalapapp/
288,The Last Corpse,https://www.theeducatedbarfly.com/the-last-corpse/
289,House Harkonnen,https://www.theeducatedbarfly.com/house-harkonnen/
290,“The Getz and Gilberto” or “The Girl From Ipanema”,https://www.theeducatedbarfly.com/the-getz-and-gilberto-or-the-girl-from-ipanema-undecided-maybe-you-can-help/
291,Cocktail not named yet,https://www.theeducatedbarfly.com/cocktail-not-named-yet/
292,Cup of Bacchus,https://www.theeducatedbarfly.com/cup-of-bacchus/
293,Shock the Monkey,https://www.theeducatedbarfly.com/shock-the-monkey/
294,Cranberry Whisper (or Crimson Whisper),https://www.theeducatedbarfly.com/cranberry-whisper-or-crimson-whisper/
295,Doctor’s Orders (Put the Lime in the Coconut),https://www.theeducatedbarfly.com/doctors-orders-put-the-lime-in-the-coconut/
296,The Black Adder,https://www.theeducatedbarfly.com/the-black-adder/
297,The Final Testament,https://www.theeducatedbarfly.com/the-final-testament/
298,Reggae Ruby,https://www.theeducatedbarfly.com/reggae-ruby/
299,The Gateway,https://www.theeducatedbarfly.com/the-gateway/
300,Acid-Adjusted Pineapple Daiquiri,https://www.theeducatedbarfly.com/acid-adjusted-pineapple-daiquiri/
301,Ferrari Sour,https://www.theeducatedbarfly.com/ferrari-sour/
302,Parasol,https://www.theeducatedbarfly.com/parasol/
303,Stirred Daiquiri,https://www.theeducatedbarfly.com/stirred-daiquiri/
304,Pineapple Strawberry Daiquiri,https://www.theeducatedbarfly.com/pineapple-strawberry-daiquiri/
305,Christmas in Manhattan,https://www.theeducatedbarfly.com/christmas-in-manhattan/
306,Pink Panther,https://www.theeducatedbarfly.com/pink-panther/
307,Cinamon plum smash,https://www.theeducatedbarfly.com/cinamon-plum-smash/
308,Daniel Reyes,https://www.theeducatedbarfly.com/daniel-reyes/
309,Bold and Gold,https://www.theeducatedbarfly.com/bold-and-gold/
310,The Downtown Dolce,https://www.theeducatedbarfly.com/the-downtown-dolce/
311,Blades of Chaos,https://www.theeducatedbarfly.com/blades-of-chaos/
312,Berlin Sunset,https://www.theeducatedbarfly.com/berlin-sunset/
313,Golden Gloves,https://www.theeducatedbarfly.com/golden-gloves/
314,Stone Cold Fox,https://www.theeducatedbarfly.com/stone-cold-fox/
315,Tiger Balm,https://www.theeducatedbarfly.com/tiger-balm/
316,Amaros And Sorrows,https://www.theeducatedbarfly.com/amaros-and-sorrows/
317,Juliet & Romeo,https://www.theeducatedbarfly.com/juliet-romeo/
318,You’re a Fine Girl,https://www.theeducatedbarfly.com/youre-a-fine-girl/
319,Fassionola Daiquiri,https://www.theeducatedbarfly.com/fassionola-daiquiri/
320,The Strong Armed Ape,https://www.theeducatedbarfly.com/the-strong-armed-ape/
321,American Trilogy,https://www.theeducatedbarfly.com/american-trilogy/
322,"Debbie, Don’t",https://www.theeducatedbarfly.com/debbie-dont/
323,Kentucky Maid,https://www.theeducatedbarfly.com/kentucky-maid/
324,Fall Back,https://www.theeducatedbarfly.com/fall-back/
325,Eastside,https://www.theeducatedbarfly.com/eastside/
326,Greenpoint,https://www.theeducatedbarfly.com/greenpoint/
327,Revolver,https://www.theeducatedbarfly.com/revolver/
328,Gin Gin Mule,https://www.theeducatedbarfly.com/gin-gin-mule/
329,Graveyard Shift,https://www.theeducatedbarfly.com/graveyard-shift/
330,Little Red,https://www.theeducatedbarfly.com/little-red/
331,Vespid,https://www.theeducatedbarfly.com/vespid/
332,After-Dinner Flip,https://www.theeducatedbarfly.com/after-dinner-flip/
333,Turning Japanese,https://www.theeducatedbarfly.com/turning-japanese/
334,The Poison Apple,https://www.theeducatedbarfly.com/the-poison-apple/
335,Nordic Heather,https://www.theeducatedbarfly.com/nordic-heather/
336,Garibaldi,https://www.theeducatedbarfly.com/garibaldi/
337,Rainbow Sour,https://www.theeducatedbarfly.com/rainbow-sour/
338,Rome With A View,https://www.theeducatedbarfly.com/rome-with-a-view/
339,Dr. J,https://www.theeducatedbarfly.com/dr-j/
340,Marmalade Sour,https://www.theeducatedbarfly.com/marmalade-sour/
341,The 50/50 (AKA the Fifty Fifty),https://www.theeducatedbarfly.com/the-50-50-aka-the-fifty-fifty/
342,Hishimochi Bitters And Soda,https://www.theeducatedbarfly.com/hishimochi-bitters-and-soda/
343,First Lady,https://www.theeducatedbarfly.com/first-lady/
344,Yuzu Salty Dog,https://www.theeducatedbarfly.com/yuzu-salty-dog/
345,Iceland Dill Martini,https://www.theeducatedbarfly.com/iceland-dill-martini/
346,Roe Your Boat,https://www.theeducatedbarfly.com/roe-your-boat/
347,Proud Mary,https://www.theeducatedbarfly.com/proud-mary/
348,Absent-minded,https://www.theeducatedbarfly.com/absent-minded/
349,Scorpion,https://www.theeducatedbarfly.com/scorpion/
350,Bird of Paradise,https://www.theeducatedbarfly.com/bird-of-paradise/
351,Frozen Negroni,https://www.theeducatedbarfly.com/frozen-negroni/
352,The PK,https://www.theeducatedbarfly.com/the-pk/
353,Hot Lips,https://www.theeducatedbarfly.com/hot-lips/
354,Bitter Giuseppe,https://www.theeducatedbarfly.com/bitter-giuseppe/
355,Don Lee’s DLB,https://www.theeducatedbarfly.com/don-lees-dlb/
356,Angostura Sour,https://www.theeducatedbarfly.com/angostura-sour/
357,Naked & Famous,https://www.theeducatedbarfly.com/naked-famous/
358,The Final Ward,https://www.theeducatedbarfly.com/the-final-ward/
359,Paper Plane,https://www.theeducatedbarfly.com/paper-plane-2/
360,No True Scotsman,https://www.theeducatedbarfly.com/no-true-scotsman/
361,Pornographic Material,https://www.theeducatedbarfly.com/pornographic-material/
362,The Anise Kick,https://www.theeducatedbarfly.com/the-anise-kick/
363,Winter Mai Tai,https://www.theeducatedbarfly.com/winter-mai-tai/
364,Cloister (Re-spec),https://www.theeducatedbarfly.com/cloister-re-spec/
365,Cloister,https://www.theeducatedbarfly.com/cloister/
366,Last Bird,https://www.theeducatedbarfly.com/last-bird/
367,Maid in Mexico,https://www.theeducatedbarfly.com/maid-in-mexico/
368,Spicy Añejo Sour,https://www.theeducatedbarfly.com/spicy-anejo-sour/
369,Añejo Old Fashioned,https://www.theeducatedbarfly.com/anjeo-old-fashioned/
370,The New Father,https://www.theeducatedbarfly.com/the-new-father/
371,Bless this house,https://www.theeducatedbarfly.com/bless-this-house/
372,Fay Wray,https://www.theeducatedbarfly.com/fay-wray/
373,G’Day Mate,https://www.theeducatedbarfly.com/gday-mate/
374,Squonk’s Tears,https://www.theeducatedbarfly.com/squonks-tears/
375,Deez Nutz,https://www.theeducatedbarfly.com/deez-nutz/
376,Missionary’s Downfall,https://www.theeducatedbarfly.com/missionarys-downfall/
377,Scofflaw,https://www.theeducatedbarfly.com/scofflaw-original-recipe/
378,Scofflaw (Modern),https://www.theeducatedbarfly.com/scofflaw-modern-recipe/
379,Scofflaw (Death & Co.),https://www.theeducatedbarfly.com/scofflaw-death-and-company-recipe/
380,Barbacoa,https://www.theeducatedbarfly.com/barbacoa/
381,The Spice Must Flow,https://www.theeducatedbarfly.com/the-spice-must-flow/
382,The Hawaii Blues,https://www.theeducatedbarfly.com/the-hawaii-blues/
383,If You Like Ube Coladas,https://www.theeducatedbarfly.com/if-you-like-ube-coladas/
384,West India Sour,https://www.theeducatedbarfly.com/west-india-sour/
385,Soul so Dead,https://www.theeducatedbarfly.com/soul-so-dead/
386,Black Mountain Road,https://www.theeducatedbarfly.com/black-mountain-road/
387,Breakfast for Dinner,https://www.theeducatedbarfly.com/breakfast-for-dinner/
388,Oaxacanite,https://www.theeducatedbarfly.com/oaxacanite/
389,Tiger Chilled Coffee,https://www.theeducatedbarfly.com/tiger-chilled-coffee/
390,The Pelican,https://www.theeducatedbarfly.com/the-pelican/
391,Paddington,https://www.theeducatedbarfly.com/paddington/
392,Moka Pot Amaro,https://www.theeducatedbarfly.com/moka-pot-amaro/
393,American Whiskey Skin,https://www.theeducatedbarfly.com/american-whiskey-skin/
394,Verte Chaud,https://www.theeducatedbarfly.com/verte-chaud/
395,Nux Alpine,https://www.theeducatedbarfly.com/nux-alpine/
396,Dominicana,https://www.theeducatedbarfly.com/dominicana/
397,Getaway Car,https://www.theeducatedbarfly.com/getaway-car/
398,Hard Sell,https://www.theeducatedbarfly.com/hard-sell/
399,Cold Brew Americano,https://www.theeducatedbarfly.com/cold-brew-americano/
400,Northenders Vacation,https://www.theeducatedbarfly.com/northenders-vacation/
401,Earl Grey MarTEAni,https://www.theeducatedbarfly.com/earl-grey-marteani/
402,The Quiet Man,https://www.theeducatedbarfly.com/the-quiet-man/
403,The Sage Hen,https://www.theeducatedbarfly.com/the-sage-hen/
404,I Don’t Give a Fig,https://www.theeducatedbarfly.com/i-dont-give-a-fig/
405,Spice Trade,https://www.theeducatedbarfly.com/spice-trade/
406,Cardamon + Banana Vieux Carré,https://www.theeducatedbarfly.com/cardamon-banana-vieux-carre/
407,Standard Tiki No 1,https://www.theeducatedbarfly.com/standard-tiki-no-1/
408,Monkey Pod Mai Tai,https://www.theeducatedbarfly.com/monkey-pod-mai-tai/
409,La Bomba,https://www.theeducatedbarfly.com/la-bomba/
410,La Bomba,https://www.theeducatedbarfly.com/la-bomba-old/
411,Pineapple Trainwreck,https://www.theeducatedbarfly.com/pineapple-trainwreck/
412,Midnight Stinger,https://www.theeducatedbarfly.com/midnight-stinger/
413,Follow That Black Rabbit,https://www.theeducatedbarfly.com/follow-that-black-rabbit/
414,Clockwork Orange,https://www.theeducatedbarfly.com/clockwork-orange/
415,Eeyore’s Requiem,https://www.theeducatedbarfly.com/eeyores-requiem/
416,Trinidad Sour,https://www.theeducatedbarfly.com/trinidad-sour/
417,Sawyer,https://www.theeducatedbarfly.com/sawyer/
418,Sea Salt Foam Margarita,https://www.theeducatedbarfly.com/sea-salt-foam-margarita/
419,Regal Daiquiri,https://www.theeducatedbarfly.com/regal-daiquiri/
420,Vodka Espresso aka Espresso Martini,https://www.theeducatedbarfly.com/vodka-espresso-aka-espresso-martini/
421,Cafe Grog,https://www.theeducatedbarfly.com/cafe-grog/
422,Java Flow,https://www.theeducatedbarfly.com/java-flow/
423,Caipiroska,https://www.theeducatedbarfly.com/caipiroska/
424,Charging Station,https://www.theeducatedbarfly.com/charging-station/
425,Cosmopolitan,https://www.theeducatedbarfly.com/cosmopolitan/
426,Vodka Cranberry,https://www.theeducatedbarfly.com/vodka-cranberry/
427,Lemon Drop,https://www.theeducatedbarfly.com/lemon-drop/
428,Appletini,https://www.theeducatedbarfly.com/appletini/
429,Está Padre,https://www.theeducatedbarfly.com/esta-padre/
430,Kentucky Mai Tai,https://www.theeducatedbarfly.com/kentucky-mai-tai/
431,Paper Plane,https://www.theeducatedbarfly.com/paper-plane/
432,Banana PB & J Sour,https://www.theeducatedbarfly.com/banana-pb-j-sour/
433,East Sherry Colada,https://www.theeducatedbarfly.com/east-sherry-colada/
434,Sable,https://www.theeducatedbarfly.com/sable/
435,Wrangler,https://www.theeducatedbarfly.com/wrangler/
436,California Gold Rush,https://www.theeducatedbarfly.com/california-gold-rush/
437,Nor Cal Boulevardier,https://www.theeducatedbarfly.com/nor-cal-boulevardier/
438,Lost Lake Tiki’s Bahama Mama,https://www.theeducatedbarfly.com/lost-lake-tikis-bahama-mama/
439,Reconstructed Bahama Mama,https://www.theeducatedbarfly.com/reconstructed-bahama-mama/
440,Talent Scout,https://www.theeducatedbarfly.com/talent-scout/
441,Campari Shakerato,https://www.theeducatedbarfly.com/campari-shakerato/
442,Blannibal Sour,https://www.theeducatedbarfly.com/blannibal-sour/
443,Corpse Reviver Number Blue,https://www.theeducatedbarfly.com/corpse-reviver-number-blue/
444,Guardian Angel,https://www.theeducatedbarfly.com/guardian-angel/
445,Pignoli Alexander,https://www.theeducatedbarfly.com/pignoli-alexander/
446,Spiced Apple Fix,https://www.theeducatedbarfly.com/spiced-apple-fix/
447,Applejack Cocktail,https://www.theeducatedbarfly.com/applejack-cocktail/
448,Bourbon Renewal,https://www.theeducatedbarfly.com/bourbon-renewal/
449,Dodecadaiquiri,https://www.theeducatedbarfly.com/dodecadaiquiri/
450,Yuzu Gimlet,https://www.theeducatedbarfly.com/yuzu-gimlet/
451,White Negroni Piña Colada,https://www.theeducatedbarfly.com/white-negroni-pina-colada/
452,Windsor Terrace,https://www.theeducatedbarfly.com/windsor-terrace/
453,Kombucha Sangria,https://www.theeducatedbarfly.com/kombucha-sangria/
454,Sugar Plum,https://www.theeducatedbarfly.com/sugar-plum/
455,Bowery Fix,https://www.theeducatedbarfly.com/bowery-fix/
456,Bar Fly,https://www.theeducatedbarfly.com/bar-fly/
457,Smoke and Mirrors,https://www.theeducatedbarfly.com/smoke-and-mirrors/
458,A Red Car Named Desire,https://www.theeducatedbarfly.com/a-red-car-named-desire/
459,Daiquiri Frappé,https://www.theeducatedbarfly.com/daiquiri-frappe/
460,Donny’s Element,https://www.theeducatedbarfly.com/donnys-element/
461,Breakfast Martini,https://www.theeducatedbarfly.com/breakfast-martini/
462,Breakfast Bell,https://www.theeducatedbarfly.com/breakfast-bell/
463,Black Martini,https://www.theeducatedbarfly.com/black-martini/
464,Rangoon,https://www.theeducatedbarfly.com/rangoon/
465,Flamingo,https://www.theeducatedbarfly.com/flamingo/
466,Trader Vic’s Grog,https://www.theeducatedbarfly.com/trader-vics-grog/
467,Rabo de Galo,https://www.theeducatedbarfly.com/rabo-de-galo/
468,Tia Mia by Ivy Mix,https://www.theeducatedbarfly.com/tia-mia-by-ivy-mix/
469,Banana Daiquiri by Julie Reiner,https://www.theeducatedbarfly.com/banana-daiquiri-by-julie-reiner/
470,One Love,https://www.theeducatedbarfly.com/one-love/
471,Just for Mary,https://www.theeducatedbarfly.com/just-for-mary/
472,Blackberry Press,https://www.theeducatedbarfly.com/blackberry-press/
473,Best Fronds,https://www.theeducatedbarfly.com/best-fronds/
474,Bellini,https://www.theeducatedbarfly.com/bellini/
475,Water on the Vine,https://www.theeducatedbarfly.com/water-on-the-vine/
476,Apricot Julep,https://www.theeducatedbarfly.com/apricot-julep/
477,Jungle Bird,https://www.theeducatedbarfly.com/jungle-bird/
478,Arinato,https://www.theeducatedbarfly.com/arinato/
479,Pineapple Daiquiri,https://www.theeducatedbarfly.com/pineapple-daiquiri/
480,Penicillin,https://www.theeducatedbarfly.com/penicillin/
481,Switchblade,https://www.theeducatedbarfly.com/switchblade/
482,Three-Ingredient Midori Sour,https://www.theeducatedbarfly.com/three-ingredient-midori-sour/
483,Whiskey Peach Smash,https://www.theeducatedbarfly.com/whiskey-peach-smash/
484,Pendergast #2,https://www.theeducatedbarfly.com/pendergast-2/
485,Gin and It,https://www.theeducatedbarfly.com/gin-and-it/
486,Frozen Strawberry Daiquiri,https://www.theeducatedbarfly.com/frozen-strawberry-daiquiri/
487,Seven Seas Swizzle,https://www.theeducatedbarfly.com/seven-seas-swizzle/
488,Kitty Highball,https://www.theeducatedbarfly.com/kitty-highball/
489,Thin Margins,https://www.theeducatedbarfly.com/thin-margins/
490,Amaro Sour,https://www.theeducatedbarfly.com/amaro-sour/
491,A Radish Walks into a Bar,https://www.theeducatedbarfly.com/a-radish-walks-into-a-bar/
492,The Star,https://www.theeducatedbarfly.com/the-star/
493,Laurel Canyon,https://www.theeducatedbarfly.com/laurel-canyon/
494,Cocchi Cola,https://www.theeducatedbarfly.com/cocchi-cola/
495,Kona Swizzle,https://www.theeducatedbarfly.com/kona-swizzle/
496,Boilermaker House Sour,https://www.theeducatedbarfly.com/boilermaker-house-sour/
497,Little Tokyo,https://www.theeducatedbarfly.com/little-tokyo/
498,Macho Manhattan,https://www.theeducatedbarfly.com/macho-manhattan/
499,Benton’s Old Fashioned,https://www.theeducatedbarfly.com/bentons-old-fashioned/
500,Vatican City,https://www.theeducatedbarfly.com/vatican-city/
501,Hole in the Cup,https://www.theeducatedbarfly.com/hole-in-the-cup/
502,Puritan,https://www.theeducatedbarfly.com/puritan/
503,Pressure Drop,https://www.theeducatedbarfly.com/pressure-drop/
504,Southern Whiskey Rebellion,https://www.theeducatedbarfly.com/southern-whiskey-rebellion/
505,JFK Harris,https://www.theeducatedbarfly.com/jfk-harris/
506,Bitter Fingers,https://www.theeducatedbarfly.com/bitter-fingers/
507,The Child aka Baby Yoda aka Grogu,https://www.theeducatedbarfly.com/the-child/
508,Lower Manhattan,https://www.theeducatedbarfly.com/lower-manhattan/
509,Bramble,https://www.theeducatedbarfly.com/bramble/
510,Oaxacan Roja,https://www.theeducatedbarfly.com/oaxacan-roja/
511,Lucano Corretto,https://www.theeducatedbarfly.com/lucano-corretto/
512,Newark,https://www.theeducatedbarfly.com/newark/
513,El Fiero,https://www.theeducatedbarfly.com/el-fiero/
514,Busy Knee,https://www.theeducatedbarfly.com/busy-knee/
515,Midori Sour,https://www.theeducatedbarfly.com/midori-sour/
516,Ice-Berg,https://www.theeducatedbarfly.com/ice-berg/
517,Seelbach,https://www.theeducatedbarfly.com/seelbach/
518,Johnny’s Smoked Chocolate,https://www.theeducatedbarfly.com/johnnys-smoked-chocolate/
519,Grasshopper,https://www.theeducatedbarfly.com/grasshopper/
520,Key Lime Mimosa,https://www.theeducatedbarfly.com/key-lime-mimosa/
521,Dave’s Fantastic Eggnog,https://www.theeducatedbarfly.com/daves-fantastic-eggnog/
522,Howick Hall,https://www.theeducatedbarfly.com/howick-hall/
523,Exit Strategy,https://www.theeducatedbarfly.com/exit-strategy/
524,Billionaire,https://www.theeducatedbarfly.com/billionaire/
525,Father Knows Best,https://www.theeducatedbarfly.com/father-knows-best/
526,Another Time,https://www.theeducatedbarfly.com/another-time/
527,Apple’s Eye Buck,https://www.theeducatedbarfly.com/apples-eye-buck/
528,I am… I Said,https://www.theeducatedbarfly.com/i-am-i-said/
529,Swimming Pool,https://www.theeducatedbarfly.com/swimming-pool/
530,Ce Soir,https://www.theeducatedbarfly.com/ce-soir/
531,Death Flip,https://www.theeducatedbarfly.com/death-flip/
532,Fall Enzoni,https://www.theeducatedbarfly.com/fall-enzoni/
533,Boys Bar Drive,https://www.theeducatedbarfly.com/boys-bar-drive/
534,Division Bell,https://www.theeducatedbarfly.com/division-bell/
535,Arbitrary Nature of Time,https://www.theeducatedbarfly.com/arbitrary-nature-of-time/
536,Freight Train Swizzle,https://www.theeducatedbarfly.com/freight-train-swizzle/
537,Get Lucky,https://www.theeducatedbarfly.com/get-lucky/
538,Age of Aquarius,https://www.theeducatedbarfly.com/age-of-aquarius/
539,Piña Verde,https://www.theeducatedbarfly.com/pina-verde/
540,Nuclear Daiquiri,https://www.theeducatedbarfly.com/nuclear-daiquiri/
541,Kentucky Buck,https://www.theeducatedbarfly.com/kentucky-buck/
542,French Pearl,https://www.theeducatedbarfly.com/french-pearl/
543,Dear Jane,https://www.theeducatedbarfly.com/dear-jane/
544,Banana Farmer,https://www.theeducatedbarfly.com/banana-farmer/
545,Spring Swing,https://www.theeducatedbarfly.com/spring-swing/
546,Cool Aunt Pimm,https://www.theeducatedbarfly.com/cool-aunt-pimm/
547,Rum & Cola,https://www.theeducatedbarfly.com/rum-cola/
548,Caractacus Potts,https://www.theeducatedbarfly.com/caractacus-potts/
549,Raspberry Beret,https://www.theeducatedbarfly.com/raspberry-beret/
550,High Priest of California,https://www.theeducatedbarfly.com/high-priest-of-california/
551,Rum and Ramajay,https://www.theeducatedbarfly.com/rum-and-ramajay/
552,Fairbanks Loan No. 2,https://www.theeducatedbarfly.com/fairbanks-loan-no-2/
553,Bow and Arrow,https://www.theeducatedbarfly.com/bow-and-arrow/
554,Miami Vice,https://www.theeducatedbarfly.com/miami-vice/
555,Sloe Gin Martinez,https://www.theeducatedbarfly.com/sloe-gin-martinez/
556,Grapefruit Mule,https://www.theeducatedbarfly.com/grapefruit-mule/
557,Siren of the Fjords,https://www.theeducatedbarfly.com/siren-of-the-fjords/
558,Fontoura,https://www.theeducatedbarfly.com/fontoura/
559,Pan Daisy,https://www.theeducatedbarfly.com/pan-daisy/
560,Mulholland Drive,https://www.theeducatedbarfly.com/mulholland-drive/
561,Angostura Colada,https://www.theeducatedbarfly.com/angostura-colada/
562,Leandro’s Preferred Mojito,https://www.theeducatedbarfly.com/leandros-preferred-mojito/
563,Shelby Sour,https://www.theeducatedbarfly.com/shelby-sour/
564,Bitter Italian,https://www.theeducatedbarfly.com/bitter-italian/
565,Keichō Embassy,https://www.theeducatedbarfly.com/keicho-embassy/
566,Chamomile Sour,https://www.theeducatedbarfly.com/chamomile-sour/
567,Accidental Tourist,https://www.theeducatedbarfly.com/accidental-tourist/
568,Bare Knuckle Boxer,https://www.theeducatedbarfly.com/bare-knuckle-boxer/
569,Hummingbird,https://www.theeducatedbarfly.com/hummingbird/
570,Improved Orange Whip,https://www.theeducatedbarfly.com/improved-orange-whip/
571,Fond Farewell,https://www.theeducatedbarfly.com/fond-farewell/
572,Strawberry Star,https://www.theeducatedbarfly.com/strawberry-star/
573,Caipirissimo,https://www.theeducatedbarfly.com/caipirissimo/
574,Winds of Winter,https://www.theeducatedbarfly.com/winds-of-winter/
575,High Tide,https://www.theeducatedbarfly.com/high-tide/
576,Mexican Breakfast Stout,https://www.theeducatedbarfly.com/mexican-breakfast-stout/
577,The Velvet Rut,https://www.theeducatedbarfly.com/the-velvet-rut/
578,Put on a Happy Face,https://www.theeducatedbarfly.com/put-on-a-happy-face/
579,Galaxy Highball – Molecular Gastronomy Made Simple,https://www.theeducatedbarfly.com/galaxy-highball-molecular-gastronomy-made-simple/
580,Bounty Law,https://www.theeducatedbarfly.com/bounty-law-sour/
581,Goo,https://www.theeducatedbarfly.com/goo/
582,Fight Milk,https://www.theeducatedbarfly.com/fight-milk/
583,The Nightcap Before Christmas,https://www.theeducatedbarfly.com/the-nightcap-before-christmas/
584,Li Ziqi Highball 李子柒 高杯,https://www.theeducatedbarfly.com/li-ziqi-highball/
585,Baby Billy’s Sweet Ambrosia,https://www.theeducatedbarfly.com/baby-billys-sweet-ambrosia/
586,The Joker Cocktail,https://www.theeducatedbarfly.com/the-joker-cocktail/
587,Death in Oaxaca,https://www.theeducatedbarfly.com/death-in-oaxaca/
588,Peach Cobbler,https://www.theeducatedbarfly.com/peach-cobbler/
589,The Shark-Infested Custard,https://www.theeducatedbarfly.com/the-shark-infested-custard/
